allele,0,1,2,3,4,5,6,7,8,9,10,11,12,13,14,15,16,17,18,19,20,21,22,23,24,25,26,27,28,29,30,31,32,33,34,35,36,37,38,39,40,41,42,43,44,45,46,47,48,49
DQA1*02:01DQB1*02:01,47KHL,40ERV,2D,18S,25FT,40ER,45VL,61FT,66IL,75IL,75I,76L,80S,129H,160AD,163I,175E,187A,199A,45GE,55LPA,74AVR,77R,84QL,125A,140A,182S,3S,9Y,13GM,26L,56PA,60Y,66D,66DR,75V,116V,130R,135D,167R,185T,,,,,,,,,
DQA1*05:01DQB1*02:01,40GR,47CL,53QF,75S,163E,175K,2D,18S,25YT,45VL,61FT,66IL,76L,80S,129H,160AE,187A,199A,45GE,55LPA,74AVR,77R,84QL,125A,140A,182S,3S,9Y,13GM,26L,56PA,60Y,66D,66DR,75V,116V,130R,135D,167R,185T,,,,,,,,,,
DQA1*02:01DQB1*02:02,47KHL,40ERV,2D,18S,25FT,40ER,45VL,61FT,66IL,75IL,75I,76L,80S,129H,160AD,163I,175E,187A,199A,45GE,55LPA,74AVR,77R,84QL,125A,140A,182S,3S,9Y,13GM,26L,56PA,60Y,66D,66DR,75V,116V,130R,135G,167R,185T,,,,,,,,,
DQA1*03:02DQB1*02:02,25YS,47QL,52RR,40ERV,2D,18S,40ER,45VL,61FT,66IL,75I,80S,129H,160D,163I,175E,187T,199A,45GE,55LPA,74AVR,77R,84QL,125A,140A,182S,3S,9Y,13GM,26L,56PA,60Y,66D,66DR,75V,116V,130R,135G,167R,185T,,,,,,,,,,
DQA1*05:01DQB1*02:02,40GR,47CL,53QF,75S,163E,175K,2D,18S,25YT,45VL,61FT,66IL,76L,80S,129H,160AE,187A,199A,45GE,55LPA,74AVR,77R,84QL,125A,140A,182S,3S,9Y,13GM,26L,56PA,60Y,66D,66DR,75V,116V,130R,135G,167R,185T,,,,,,,,,,
DQA1*03:01DQB1*03:01,25YS,47QL,52RR,40ERV,2D,18S,40ER,45VL,61FT,66IL,75I,80S,129H,160AD,163I,175E,187T,199A,45EV,46VY,28T,52PL,55PP,52P,77T,84QL,125A,140T,182N,3S,9Y,14AM,26Y,37YA,56PD,60Y,66EV,70RT,74EL,116V,130R,135D,167H2,185T,,,,,,
DQA1*03:02DQB1*03:01,25YS,47QL,52RR,40ERV,2D,18S,40ER,45VL,61FT,66IL,75I,80S,129H,160D,163I,175E,187T,199A,45EV,46VY,28T,52PL,55PP,52P,77T,84QL,125A,140T,182N,3S,9Y,14AM,26Y,37YA,56PD,60Y,66EV,70RT,74EL,116V,130R,135D,167H2,185T,,,,,,
DQA1*05:01DQB1*03:01,40GR,47CL,53QF,75S,163E,175K,2D,18S,25YT,45VL,61FT,66IL,76L,80S,129H,160AE,187A,199A,45EV,46VY,28T,52PL,55PP,52P,77T,84QL,125A,140T,182N,3S,9Y,14AM,26Y,37YA,56PD,60Y,66EV,70RT,74EL,116V,130R,135D,167H2,185T,,,,,,
DQA1*06:01DQB1*03:01,40GR,47CL,53QF,2D,18S,25FT,45VL,61FT,66IT,75IL,75I,76L,80S,129H,160AD,163I,175E,187A,199A,45EV,46VY,28T,52PL,55PP,52P,77T,84QL,125A,140T,182N,3S,9Y,14AM,26Y,37YA,56PD,60Y,66EV,70RT,74EL,116V,130R,135D,167H2,185T,,,,,
DQA1*02:01DQB1*03:02,47KHL,40ERV,2D,18S,25FT,40ER,45VL,61FT,66IL,75IL,75I,76L,80S,129H,160AD,163I,175E,187A,199A,45GV,46VY,28T,52PL,55PP,52P,77T,84QL,125A,140T,182N,3S,9Y,13GM,26L,37YA,56PA,60Y,66EV,70RT,74EL,116V,130R,135D,167R,185I,,,,,
DQA1*03:01DQB1*03:02,25YS,47QL,52RR,40ERV,2D,18S,40ER,45VL,61FT,66IL,75I,80S,129H,160AD,163I,175E,187T,199A,45GV,46VY,28T,52PL,55PP,52P,77T,84QL,125A,140T,182N,3S,9Y,13GM,26L,37YA,56PA,60Y,66EV,70RT,74EL,116V,130R,135D,167R,185I,,,,,,
DQA1*03:02DQB1*03:02,25YS,47QL,52RR,40ERV,2D,18S,40ER,45VL,61FT,66IL,75I,80S,129H,160D,163I,175E,187T,199A,45GV,46VY,28T,52PL,55PP,52P,77T,84QL,125A,140T,182N,3S,9Y,13GM,26L,37YA,56PA,60Y,66EV,70RT,74EL,116V,130R,135D,167R,185I,,,,,,
DQA1*03:02DQB1*03:03,25YS,47QL,52RR,40ERV,2D,18S,40ER,45VL,61FT,66IL,75I,80S,129H,160D,163I,175E,187T,199A,45GV,46VY,28T,52PL,55PP,52P,77T,84QL,125A,140T,182N,3S,9Y,13GM,26L,37YA,56PD,60Y,66EV,70RT,74EL,116V,130R,135D,167R,185I,,,,,,
DQA1*04:01DQB1*03:03,40GR,47CL,53QF,2D,18S,25YT,45VL,61FT,66IT,75IL,75I,76L,80S,129H,160AD,163I,175E,187A,199A,45GV,46VY,28T,52PL,55PP,52P,77T,84QL,125A,140T,182N,3S,9Y,13GM,26L,37YA,56PD,60Y,66EV,70RT,74EL,116V,130R,135D,167R,185I,,,,,
DQA1*06:01DQB1*03:03,40GR,47CL,53QF,2D,18S,25FT,45VL,61FT,66IT,75IL,75I,76L,80S,129H,160AD,163I,175E,187A,199A,45GV,46VY,28T,52PL,55PP,52P,77T,84QL,125A,140T,182N,3S,9Y,13GM,26L,37YA,56PD,60Y,66EV,70RT,74EL,116V,130R,135D,167R,185I,,,,,
DQA1*02:01DQB1*04:01,47KHL,40ERV,2D,18S,25FT,40ER,45VL,61FT,66IL,75IL,75I,76L,80S,129H,160AD,163I,175E,187A,199A,26G,45GV,46VY,28T,52PL,66DI,52PR,52P,55RL,74SV,77T,70ED,84QL,125A,140T,182N,3S,9F,13GM,23L,26G,37YA,60Y,66D,70ED,75V,116V,130R,135D,167R,185I
DQA1*04:01DQB1*04:01,40GR,47CL,53QF,2D,18S,25YT,45VL,61FT,66IT,75IL,75I,76L,80S,129H,160AD,163I,175E,187A,199A,26G,45GV,46VY,28T,52PL,66DI,52PR,52P,55RL,74SV,77T,70ED,84QL,125A,140T,182N,3S,9F,13GM,23L,26G,37YA,60Y,66D,70ED,75V,116V,130R,135D,167R,185I
DQA1*05:01DQB1*04:01,40GR,47CL,53QF,75S,163E,175K,2D,18S,25YT,45VL,61FT,66IL,76L,80S,129H,160AE,187A,199A,26G,45GV,46VY,28T,52PL,66DI,52PR,52P,55RL,74SV,77T,70ED,84QL,125A,140T,182N,3S,9F,13GM,23L,26G,37YA,60Y,66D,70ED,75V,116V,130R,135D,167R,185I,
DQA1*03:01DQB1*04:02,25YS,47QL,52RR,40ERV,2D,18S,40ER,45VL,61FT,66IL,75I,80S,129H,160AD,163I,175E,187T,199A,26G,45GV,46VY,28T,52PL,66DI,52PR,52P,55RL,74SV,77T,70ED,84QL,125A,140T,182N,3S,9F,13GM,26G,37YA,60Y,66D,70ED,75V,116V,130R,135D,167R,185I,,
DQA1*04:01DQB1*04:02,40GR,47CL,53QF,2D,18S,25YT,45VL,61FT,66IT,75IL,75I,76L,80S,129H,160AD,163I,175E,187A,199A,26G,45GV,46VY,28T,52PL,66DI,52PR,52P,55RL,74SV,77T,70ED,84QL,125A,140T,182N,3S,9F,13GM,26G,37YA,60Y,66D,70ED,75V,116V,130R,135D,167R,185I,
DQA1*06:01DQB1*04:02,40GR,47CL,53QF,2D,18S,25FT,45VL,61FT,66IT,75IL,75I,76L,80S,129H,160AD,163I,175E,187A,199A,26G,45GV,46VY,28T,52PL,66DI,52PR,52P,55RL,74SV,77T,70ED,84QL,125A,140T,182N,3S,9F,13GM,26G,37YA,60Y,66D,70ED,75V,116V,130R,135D,167R,185I,
DQA1*01:01DQB1*05:01,2D,18F,25YT,40ER,41RA,52SK,64RM,75I,80Y,130S,160AD,163I,187A,199A,26G,45GV,46VY,28T,52PQ,56PV,52PR,52P,74SR,74SV,77R,85VG,85VA,140A,116I,125S,182S,3S,9Y,14GL,26G,37YV,60Y,66EV,67VG,75V,85VY,130R,135D,167R,185T,,,,,
DQA1*01:02DQB1*05:01,2D,18F,25YT,40ER,41RA,52SK,64RM,75I,80Y,130S,160AD,163I,187A,199A,26G,45GV,46VY,28T,52PQ,56PV,52PR,52P,74SR,74SV,77R,85VG,85VA,140A,116I,125S,182S,3S,9Y,14GL,26G,37YV,60Y,66EV,67VG,75V,85VY,130R,135D,167R,185T,,,,,
DQA1*01:02DQB1*05:02,2D,18F,25YT,40ER,41RA,52SK,64RM,75I,80Y,130S,160AD,163I,187A,199A,26G,45GV,46VY,28T,52PQ,52PR,52P,74SR,74SV,77R,85VG,85VA,140A,116I,125S,182S,3S,9Y,14GL,26G,37YV,56PS,60Y,66EV,67VG,75V,85VY,125SH,130R,135D,167R,185T,,,,
DQA1*01:04DQB1*05:03,2G,18F,25YT,40ER,41RA,52SK,64RM,75I,80Y,130S,160AD,163I,187A,199T,26G,45GV,46VY,28T,52PQ,52PR,52P,74SR,74SV,77R,85VG,85VA,140A,116I,125S,182S,3S,9Y,14GL,26G,37YV,56PD,60Y,66EV,67VG,75V,85VY,130R,135D,167R,185T,,,,,
DQA1*01:03DQB1*06:01,2D,18F,25FT,41KA,52SK,64RM,75I,130A,80Y,129H,160AD,163I,187A,199A,45GV,46VY,28T,52PQ,52PR,52P,77T,85VG,85VA,87F,140A,182S,3P,9L,14AM,26Y,37DV,56PD,60Y,66D,66DR,70RT,74EL,116V,125GQ,130R,135D,167H2,185T,,,,,,,
DQA1*01:04DQB1*06:01,2G,18F,25YT,40ER,41RA,52SK,64RM,75I,80Y,130S,160AD,163I,187A,199T,45GV,46VY,28T,52PQ,52PR,52P,77T,85VG,85VA,87F,140A,182S,3P,9L,14AM,26Y,37DV,56PD,60Y,66D,66DR,70RT,74EL,116V,125GQ,130R,135D,167H2,185T,,,,,,,
DQA1*02:01DQB1*06:01,47KHL,40ERV,2D,18S,25FT,40ER,45VL,61FT,66IL,75IL,75I,76L,80S,129H,160AD,163I,175E,187A,199A,45GV,46VY,28T,52PQ,52PR,52P,77T,85VG,85VA,87F,140A,182S,3P,9L,14AM,26Y,37DV,56PD,60Y,66D,66DR,70RT,74EL,116V,125GQ,130R,135D,167H2,185T,,
DQA1*01:02DQB1*06:02,2D,18F,25YT,40ER,41RA,52SK,64RM,75I,80Y,130S,160AD,163I,187A,199A,45GV,46VY,28T,52PQ,52PR,52P,77T,85VG,85VA,87F,140A,182S,3S,9F,13GM,26L,37YA,56PD,60Y,66EV,67VG,70GT,74EL,116V,125GQ,130R,135D,167R,185T,,,,,,,
DQA1*01:03DQB1*06:03,2D,18F,25FT,41KA,52SK,64RM,75I,130A,80Y,129H,160AD,163I,187A,199A,45GV,46VY,28T,52PQ,52PR,52P,77T,85VG,85VA,87F,140A,182S,3S,9Y,13GM,26L,37YA,56PD,60Y,66EV,67VG,70GT,74EL,116V,125GQ,130R,135D,167R,185T,,,,,,,
DQA1*01:02DQB1*06:04,2D,18F,25YT,40ER,41RA,52SK,64RM,75I,80Y,130S,160AD,163I,187A,199A,45GV,46VY,28T,52PQ,56PV,52PR,52P,77T,85VG,140A,182S,3S,9Y,13GM,26L,37YA,60Y,66EV,70RT,74EL,85VY,86G,116V,125GQ,130Q,135D,167R,185T,,,,,,,,
