Source,Target,spearman
B*07:02,B*07:03,0.908497694551702
B*07:02,B*27:08,0.8416941079064946
B*07:02,B*42:01,0.8541356011988255
B*07:02,B*48:01,0.8024333553543012
B*07:02,B*55:01,0.8054271399822011
B*07:02,B*67:01,0.8097445861175431
B*07:02,B*81:01,0.9355347304890811
B*07:03,B*27:08,0.8123389454021834
B*07:03,B*40:01,0.8225520765092423
B*07:03,B*40:02,0.8112463231724477
B*07:03,B*42:01,0.8140652230570781
B*07:03,B*48:01,0.8664963523612645
B*07:03,B*81:01,0.898978779662584
B*13:02,B*47:01,0.8715098997690441
B*14:01,B*14:02,0.903326666739423
B*14:01,B*18:01,0.8503866996013463
B*14:02,B*18:01,0.8497923268397417
B*15:01,B*15:02,0.8644601310320196
B*15:01,B*15:03,0.9135428139698452
B*15:01,B*15:18,0.8752309995229438
B*15:01,B*35:01,0.8061430118913859
B*15:01,B*35:08,0.8066254591633967
B*15:01,B*50:01,0.8462872859352747
B*15:01,B*56:01,0.8092295335223905
B*15:02,B*15:03,0.8645060674239111
B*15:02,B*15:18,0.8977999046483565
B*15:02,B*35:01,0.8828635911796887
B*15:02,B*35:08,0.881976169495918
B*15:02,B*78:01,0.849851376088578
B*15:03,B*15:18,0.9119009225205563
B*15:03,B*35:01,0.8597723574214554
B*15:03,B*35:08,0.8624599343995482
B*15:03,B*50:01,0.8623529115602149
B*15:03,B*56:01,0.8168582120539948
B*15:03,B*78:01,0.8025775096264006
B*15:12,B*45:01,0.8127491056266952
B*15:13,B*15:16,0.8181788763734842
B*15:13,B*49:01,0.8289427906044199
B*15:13,B*51:01,0.8293988422443487
B*15:13,B*52:01,0.8741104397057826
B*15:13,B*53:01,0.8893890186430412
B*15:16,B*52:01,0.808292739382637
B*15:18,B*35:01,0.8940356083796727
B*15:18,B*35:08,0.8857241062898724
B*15:18,B*50:01,0.8188069389006118
B*15:18,B*56:01,0.8026660886967012
B*15:18,B*78:01,0.8603296305323168
B*18:01,B*39:01,0.8067529547742202
B*18:01,B*78:01,0.8191766858794602
B*27:03,B*27:05,0.8999831774696276
B*27:03,B*47:01,0.8194801301096936
B*27:05,B*47:01,0.8421343769986133
B*27:08,B*81:01,0.851360594987779
B*35:01,B*35:08,0.9544351481717501
B*35:01,B*78:01,0.8763752064960214
B*35:08,B*78:01,0.8775163971218726
B*37:01,B*38:01,0.8111659858716574
B*37:01,B*59:01,0.8083857453872619
B*38:01,B*53:01,0.8106619381942624
B*38:01,B*59:01,0.8676133129904929
B*39:01,B*54:01,0.8210899476639227
B*40:01,B*40:02,0.9310076118589139
B*40:01,B*41:01,0.8125842582073839
B*40:01,B*48:01,0.829917266057222
B*40:02,B*41:01,0.8236869114698654
B*40:02,B*48:01,0.8297484627280596
B*42:01,B*54:01,0.832464350044276
B*42:01,B*55:01,0.9092446053185314
B*42:01,B*67:01,0.885488675050023
B*42:01,B*81:01,0.8544968565510227
B*44:02,B*44:03,0.9625576477684994
B*44:02,B*45:01,0.8311809698390387
B*44:03,B*45:01,0.8246923333773671
B*45:01,B*82:02,0.8051589875084881
B*48:01,B*81:01,0.8311797342771422
B*49:01,B*50:01,0.8040688463656745
B*49:01,B*52:01,0.8327313095340809
B*49:01,B*53:01,0.8095811468472807
B*51:01,B*52:01,0.8935992308332127
B*51:01,B*53:01,0.8663309665441856
B*52:01,B*53:01,0.8717430022595363
B*54:01,B*55:01,0.8550671457374
B*54:01,B*67:01,0.8210410860298522
B*55:01,B*56:01,0.8236211366638209
B*55:01,B*67:01,0.877043988263728
B*55:01,B*81:01,0.8046383452134485
B*57:01,B*58:01,0.9397815147278892
B*67:01,B*81:01,0.8071975662762386
