Source,Target,Spearman
DPA1*01:03DPB1*01:01,DPA1*02:01DPB1*01:01,0.8383964456285605
DPA1*01:03DPB1*01:01,DPA1*02:02DPB1*01:01,0.826085842367098
DPA1*01:03DPB1*01:01,DPA1*03:01DPB1*01:01,0.8915773616902607
DPA1*01:03DPB1*01:01,DPA1*01:03DPB1*02:01,0.6079761699773091
DPA1*01:03DPB1*01:01,DPA1*01:03DPB1*03:01,0.7653055133274401
DPA1*01:03DPB1*01:01,DPA1*01:03DPB1*04:01,0.6576881057954503
DPA1*01:03DPB1*01:01,DPA1*02:01DPB1*04:01,0.6725153823644933
DPA1*01:03DPB1*01:01,DPA1*02:02DPB1*04:01,0.714450430061589
DPA1*01:03DPB1*01:01,DPA1*03:01DPB1*04:01,0.6698564575914454
DPA1*01:03DPB1*01:01,DPA1*04:01DPB1*04:01,0.6835606894713139
DPA1*01:03DPB1*01:01,DPA1*01:03DPB1*04:02,0.6006085331300458
DPA1*01:03DPB1*01:01,DPA1*03:01DPB1*04:02,0.62313322985308
DPA1*01:03DPB1*01:01,DPA1*02:01DPB1*05:01,0.7614862192870745
DPA1*01:03DPB1*01:01,DPA1*02:02DPB1*05:01,0.80337518345111
DPA1*01:03DPB1*01:01,DPA1*03:01DPB1*05:01,0.8392697048574854
DPA1*01:03DPB1*01:01,DPA1*01:03DPB1*06:01,0.7342978547706621
DPA1*01:03DPB1*01:01,DPA1*02:01DPB1*09:01,0.72009938110284
DPA1*01:03DPB1*01:01,DPA1*02:01DPB1*11:01,0.7816169260470511
DPA1*01:03DPB1*01:01,DPA1*02:01DPB1*13:01,0.7923340765435126
DPA1*01:03DPB1*01:01,DPA1*04:01DPB1*13:01,0.7869643818958678
DPA1*01:03DPB1*01:01,DPA1*02:01DPB1*14:01,0.7084960611774667
DPA1*01:03DPB1*01:01,DPA1*02:01DPB1*15:01,0.7866140715775435
DPA1*01:03DPB1*01:01,DPA1*02:01DPB1*17:01,0.7086831273878618
DPA1*01:03DPB1*01:01,DPA1*01:03DPB1*18:01,0.6365061747552059
DPA1*01:03DPB1*01:01,DPA1*02:01DPB1*19:01,0.8084235009880677
DPA1*01:03DPB1*01:01,DPA1*02:02DPB1*28:01,0.6707367846768046
DPA1*02:01DPB1*01:01,DPA1*02:02DPB1*01:01,0.8901877552347963
DPA1*02:01DPB1*01:01,DPA1*03:01DPB1*01:01,0.8268507354016709
DPA1*02:01DPB1*01:01,DPA1*01:03DPB1*02:01,0.547150794282451
DPA1*02:01DPB1*01:01,DPA1*01:03DPB1*03:01,0.7181715999735138
DPA1*02:01DPB1*01:01,DPA1*01:03DPB1*04:01,0.6022702192619884
DPA1*02:01DPB1*01:01,DPA1*02:01DPB1*04:01,0.6975187639012272
DPA1*02:01DPB1*01:01,DPA1*02:02DPB1*04:01,0.7338386540187818
DPA1*02:01DPB1*01:01,DPA1*03:01DPB1*04:01,0.6083706337596115
DPA1*02:01DPB1*01:01,DPA1*04:01DPB1*04:01,0.6624984288848625
DPA1*02:01DPB1*01:01,DPA1*01:03DPB1*04:02,0.5337731651755891
DPA1*02:01DPB1*01:01,DPA1*03:01DPB1*04:02,0.5535271303820982
DPA1*02:01DPB1*01:01,DPA1*02:01DPB1*05:01,0.8134311197490576
DPA1*02:01DPB1*01:01,DPA1*02:02DPB1*05:01,0.8587272598198932
DPA1*02:01DPB1*01:01,DPA1*03:01DPB1*05:01,0.8013611834959091
DPA1*02:01DPB1*01:01,DPA1*01:03DPB1*06:01,0.6961125827341412
DPA1*02:01DPB1*01:01,DPA1*02:01DPB1*09:01,0.7474914754560938
DPA1*02:01DPB1*01:01,DPA1*02:01DPB1*11:01,0.8521750259593415
DPA1*02:01DPB1*01:01,DPA1*02:01DPB1*13:01,0.8512784017932414
DPA1*02:01DPB1*01:01,DPA1*04:01DPB1*13:01,0.8109382089137397
DPA1*02:01DPB1*01:01,DPA1*02:01DPB1*14:01,0.7391180267293009
DPA1*02:01DPB1*01:01,DPA1*02:01DPB1*15:01,0.8172543307690607
DPA1*02:01DPB1*01:01,DPA1*02:01DPB1*17:01,0.727168360708347
DPA1*02:01DPB1*01:01,DPA1*01:03DPB1*18:01,0.5765321979501715
DPA1*02:01DPB1*01:01,DPA1*02:01DPB1*19:01,0.8631328344586848
DPA1*02:01DPB1*01:01,DPA1*02:02DPB1*28:01,0.6704886931585254
DPA1*02:02DPB1*01:01,DPA1*03:01DPB1*01:01,0.8291080207163638
DPA1*02:02DPB1*01:01,DPA1*01:03DPB1*02:01,0.545272898810886
DPA1*02:02DPB1*01:01,DPA1*01:03DPB1*03:01,0.7316700871835766
DPA1*02:02DPB1*01:01,DPA1*01:03DPB1*04:01,0.5931989425184001
DPA1*02:02DPB1*01:01,DPA1*02:01DPB1*04:01,0.7066618440583917
DPA1*02:02DPB1*01:01,DPA1*02:02DPB1*04:01,0.7481845584734543
DPA1*02:02DPB1*01:01,DPA1*03:01DPB1*04:01,0.6177629577262378
DPA1*02:02DPB1*01:01,DPA1*04:01DPB1*04:01,0.6724085533046364
DPA1*02:02DPB1*01:01,DPA1*01:03DPB1*04:02,0.5419788402912156
DPA1*02:02DPB1*01:01,DPA1*03:01DPB1*04:02,0.5717958748589649
DPA1*02:02DPB1*01:01,DPA1*02:01DPB1*05:01,0.8290363148201648
DPA1*02:02DPB1*01:01,DPA1*02:02DPB1*05:01,0.8793504598553604
DPA1*02:02DPB1*01:01,DPA1*03:01DPB1*05:01,0.7940583050393564
DPA1*02:02DPB1*01:01,DPA1*01:03DPB1*06:01,0.6985644064741535
DPA1*02:02DPB1*01:01,DPA1*02:01DPB1*09:01,0.7545573237571079
DPA1*02:02DPB1*01:01,DPA1*02:01DPB1*11:01,0.8493687684840837
DPA1*02:02DPB1*01:01,DPA1*02:01DPB1*13:01,0.8541074099565599
DPA1*02:02DPB1*01:01,DPA1*04:01DPB1*13:01,0.8153035532121414
DPA1*02:02DPB1*01:01,DPA1*02:01DPB1*14:01,0.7450632946098396
DPA1*02:02DPB1*01:01,DPA1*02:01DPB1*15:01,0.8024205089073526
DPA1*02:02DPB1*01:01,DPA1*02:01DPB1*17:01,0.733317727874629
DPA1*02:02DPB1*01:01,DPA1*01:03DPB1*18:01,0.5824222502423392
DPA1*02:02DPB1*01:01,DPA1*02:01DPB1*19:01,0.8695726576622244
DPA1*02:02DPB1*01:01,DPA1*02:02DPB1*28:01,0.6749041505546913
DPA1*03:01DPB1*01:01,DPA1*01:03DPB1*02:01,0.6048773531735904
DPA1*03:01DPB1*01:01,DPA1*01:03DPB1*03:01,0.7792639916445292
DPA1*03:01DPB1*01:01,DPA1*01:03DPB1*04:01,0.6599173110566738
DPA1*03:01DPB1*01:01,DPA1*02:01DPB1*04:01,0.6773577350603217
DPA1*03:01DPB1*01:01,DPA1*02:02DPB1*04:01,0.7304297040095556
DPA1*03:01DPB1*01:01,DPA1*03:01DPB1*04:01,0.6789970125339811
DPA1*03:01DPB1*01:01,DPA1*04:01DPB1*04:01,0.6862124663240835
DPA1*03:01DPB1*01:01,DPA1*01:03DPB1*04:02,0.5980771033835621
DPA1*03:01DPB1*01:01,DPA1*03:01DPB1*04:02,0.6297633152090532
DPA1*03:01DPB1*01:01,DPA1*02:01DPB1*05:01,0.772279401773017
DPA1*03:01DPB1*01:01,DPA1*02:02DPB1*05:01,0.8098744022653079
DPA1*03:01DPB1*01:01,DPA1*03:01DPB1*05:01,0.8542898447435702
DPA1*03:01DPB1*01:01,DPA1*01:03DPB1*06:01,0.7377911030923244
DPA1*03:01DPB1*01:01,DPA1*02:01DPB1*09:01,0.7267280524604355
DPA1*03:01DPB1*01:01,DPA1*02:01DPB1*11:01,0.7876925402546207
DPA1*03:01DPB1*01:01,DPA1*02:01DPB1*13:01,0.8010715398037901
DPA1*03:01DPB1*01:01,DPA1*04:01DPB1*13:01,0.7994380436237416
DPA1*03:01DPB1*01:01,DPA1*02:01DPB1*14:01,0.7184114017964955
DPA1*03:01DPB1*01:01,DPA1*02:01DPB1*15:01,0.7869595011212186
DPA1*03:01DPB1*01:01,DPA1*02:01DPB1*17:01,0.710377604059991
DPA1*03:01DPB1*01:01,DPA1*01:03DPB1*18:01,0.6380251896022485
DPA1*03:01DPB1*01:01,DPA1*02:01DPB1*19:01,0.8208666137606337
DPA1*03:01DPB1*01:01,DPA1*02:02DPB1*28:01,0.6749964295002246
DPA1*01:03DPB1*02:01,DPA1*01:03DPB1*03:01,0.6241084708263855
DPA1*01:03DPB1*02:01,DPA1*01:03DPB1*04:01,0.7376336738201739
DPA1*01:03DPB1*02:01,DPA1*02:01DPB1*04:01,0.6717023552524272
DPA1*01:03DPB1*02:01,DPA1*02:02DPB1*04:01,0.6216569637748416
DPA1*01:03DPB1*02:01,DPA1*03:01DPB1*04:01,0.6887697358779917
DPA1*01:03DPB1*02:01,DPA1*04:01DPB1*04:01,0.6615803775237469
DPA1*01:03DPB1*02:01,DPA1*01:03DPB1*04:02,0.8760071992854099
DPA1*01:03DPB1*02:01,DPA1*03:01DPB1*04:02,0.8268467720079727
DPA1*01:03DPB1*02:01,DPA1*02:01DPB1*05:01,0.517155043543329
DPA1*01:03DPB1*02:01,DPA1*02:02DPB1*05:01,0.5443328442256226
DPA1*01:03DPB1*02:01,DPA1*03:01DPB1*05:01,0.6000006729623105
DPA1*01:03DPB1*02:01,DPA1*01:03DPB1*06:01,0.6021935218472755
DPA1*01:03DPB1*02:01,DPA1*02:01DPB1*09:01,0.5919126660439507
DPA1*01:03DPB1*02:01,DPA1*02:01DPB1*11:01,0.5274402267974887
DPA1*01:03DPB1*02:01,DPA1*02:01DPB1*13:01,0.5339148463757714
DPA1*01:03DPB1*02:01,DPA1*04:01DPB1*13:01,0.5493907787390455
DPA1*01:03DPB1*02:01,DPA1*02:01DPB1*14:01,0.5776794543410746
DPA1*01:03DPB1*02:01,DPA1*02:01DPB1*15:01,0.6052796478145293
DPA1*01:03DPB1*02:01,DPA1*02:01DPB1*17:01,0.5826892069765959
DPA1*01:03DPB1*02:01,DPA1*01:03DPB1*18:01,0.8427074425858647
DPA1*01:03DPB1*02:01,DPA1*02:01DPB1*19:01,0.5632759329177519
DPA1*01:03DPB1*02:01,DPA1*02:02DPB1*28:01,0.7543397469140956
DPA1*01:03DPB1*03:01,DPA1*01:03DPB1*04:01,0.5500902949442736
DPA1*01:03DPB1*03:01,DPA1*02:01DPB1*04:01,0.6015931054805079
DPA1*01:03DPB1*03:01,DPA1*02:02DPB1*04:01,0.6498019238631777
DPA1*01:03DPB1*03:01,DPA1*03:01DPB1*04:01,0.5674510336272324
DPA1*01:03DPB1*03:01,DPA1*04:01DPB1*04:01,0.6015546956161288
DPA1*01:03DPB1*03:01,DPA1*01:03DPB1*04:02,0.6231440995446786
DPA1*01:03DPB1*03:01,DPA1*03:01DPB1*04:02,0.6791552217844314
DPA1*01:03DPB1*03:01,DPA1*02:01DPB1*05:01,0.6908760092640903
DPA1*01:03DPB1*03:01,DPA1*02:02DPB1*05:01,0.7094126002911383
DPA1*01:03DPB1*03:01,DPA1*03:01DPB1*05:01,0.7439283550395251
DPA1*01:03DPB1*03:01,DPA1*01:03DPB1*06:01,0.8776949422124906
DPA1*01:03DPB1*03:01,DPA1*02:01DPB1*09:01,0.8499446013086521
DPA1*01:03DPB1*03:01,DPA1*02:01DPB1*11:01,0.7146079383268782
DPA1*01:03DPB1*03:01,DPA1*02:01DPB1*13:01,0.7149694385297731
DPA1*01:03DPB1*03:01,DPA1*04:01DPB1*13:01,0.7364429421754428
DPA1*01:03DPB1*03:01,DPA1*02:01DPB1*14:01,0.8068720813941502
DPA1*01:03DPB1*03:01,DPA1*02:01DPB1*15:01,0.6714066475124708
DPA1*01:03DPB1*03:01,DPA1*02:01DPB1*17:01,0.8195059911464396
DPA1*01:03DPB1*03:01,DPA1*01:03DPB1*18:01,0.6726809393110379
DPA1*01:03DPB1*03:01,DPA1*02:01DPB1*19:01,0.7304952264037025
DPA1*01:03DPB1*03:01,DPA1*02:02DPB1*28:01,0.6854390230660499
DPA1*01:03DPB1*04:01,DPA1*02:01DPB1*04:01,0.7669197542447047
DPA1*01:03DPB1*04:01,DPA1*02:02DPB1*04:01,0.7147206612448578
DPA1*01:03DPB1*04:01,DPA1*03:01DPB1*04:01,0.8110115146925888
DPA1*01:03DPB1*04:01,DPA1*04:01DPB1*04:01,0.7642118154023213
DPA1*01:03DPB1*04:01,DPA1*01:03DPB1*04:02,0.7632711865467818
DPA1*01:03DPB1*04:01,DPA1*03:01DPB1*04:02,0.7100085779118851
DPA1*01:03DPB1*04:01,DPA1*02:01DPB1*05:01,0.5702716042632819
DPA1*01:03DPB1*04:01,DPA1*02:02DPB1*05:01,0.5964007236442209
DPA1*01:03DPB1*04:01,DPA1*03:01DPB1*05:01,0.6586849964867965
DPA1*01:03DPB1*04:01,DPA1*01:03DPB1*06:01,0.5125826512895441
DPA1*01:03DPB1*04:01,DPA1*02:01DPB1*09:01,0.5012045462251126
DPA1*01:03DPB1*04:01,DPA1*02:01DPB1*11:01,0.5906039741325654
DPA1*01:03DPB1*04:01,DPA1*02:01DPB1*13:01,0.5780309988689148
DPA1*01:03DPB1*04:01,DPA1*04:01DPB1*13:01,0.5874630450483458
DPA1*01:03DPB1*04:01,DPA1*02:01DPB1*14:01,0.4929670653794898
DPA1*01:03DPB1*04:01,DPA1*02:01DPB1*15:01,0.6687962198489721
DPA1*01:03DPB1*04:01,DPA1*02:01DPB1*17:01,0.5007292262277723
DPA1*01:03DPB1*04:01,DPA1*01:03DPB1*18:01,0.7155173676134755
DPA1*01:03DPB1*04:01,DPA1*02:01DPB1*19:01,0.5934142908176904
DPA1*01:03DPB1*04:01,DPA1*02:02DPB1*28:01,0.649250156520496
DPA1*02:01DPB1*04:01,DPA1*02:02DPB1*04:01,0.8500402214408321
DPA1*02:01DPB1*04:01,DPA1*03:01DPB1*04:01,0.7131188707299801
DPA1*02:01DPB1*04:01,DPA1*04:01DPB1*04:01,0.7975034427998462
DPA1*02:01DPB1*04:01,DPA1*01:03DPB1*04:02,0.686059273282779
DPA1*02:01DPB1*04:01,DPA1*03:01DPB1*04:02,0.6511802036716763
DPA1*02:01DPB1*04:01,DPA1*02:01DPB1*05:01,0.7063934739297137
DPA1*02:01DPB1*04:01,DPA1*02:02DPB1*05:01,0.7063133569613184
DPA1*02:01DPB1*04:01,DPA1*03:01DPB1*05:01,0.6785837783379048
DPA1*02:01DPB1*04:01,DPA1*01:03DPB1*06:01,0.5614324135954699
DPA1*02:01DPB1*04:01,DPA1*02:01DPB1*09:01,0.6124544724064174
DPA1*02:01DPB1*04:01,DPA1*02:01DPB1*11:01,0.7041219967023579
DPA1*02:01DPB1*04:01,DPA1*02:01DPB1*13:01,0.6950856481138297
DPA1*02:01DPB1*04:01,DPA1*04:01DPB1*13:01,0.6754597142884696
DPA1*02:01DPB1*04:01,DPA1*02:01DPB1*14:01,0.6034382512825076
DPA1*02:01DPB1*04:01,DPA1*02:01DPB1*15:01,0.7394344394541356
DPA1*02:01DPB1*04:01,DPA1*02:01DPB1*17:01,0.6070624309057574
DPA1*02:01DPB1*04:01,DPA1*01:03DPB1*18:01,0.6898215254655528
DPA1*02:01DPB1*04:01,DPA1*02:01DPB1*19:01,0.7126536866029514
DPA1*02:01DPB1*04:01,DPA1*02:02DPB1*28:01,0.7301289467412183
DPA1*02:02DPB1*04:01,DPA1*03:01DPB1*04:01,0.7658035501659085
DPA1*02:02DPB1*04:01,DPA1*04:01DPB1*04:01,0.7728991178762825
DPA1*02:02DPB1*04:01,DPA1*01:03DPB1*04:02,0.627445998125968
DPA1*02:02DPB1*04:01,DPA1*03:01DPB1*04:02,0.6760658438681721
DPA1*02:02DPB1*04:01,DPA1*02:01DPB1*05:01,0.726812383312523
DPA1*02:02DPB1*04:01,DPA1*02:02DPB1*05:01,0.73547917344659
DPA1*02:02DPB1*04:01,DPA1*03:01DPB1*05:01,0.7010572347848802
DPA1*02:02DPB1*04:01,DPA1*01:03DPB1*06:01,0.6036752985176589
DPA1*02:02DPB1*04:01,DPA1*02:01DPB1*09:01,0.6604384921142539
DPA1*02:02DPB1*04:01,DPA1*02:01DPB1*11:01,0.735184991914039
DPA1*02:02DPB1*04:01,DPA1*02:01DPB1*13:01,0.7418744954763133
DPA1*02:02DPB1*04:01,DPA1*04:01DPB1*13:01,0.7134188657366266
DPA1*02:02DPB1*04:01,DPA1*02:01DPB1*14:01,0.6435641972558468
DPA1*02:02DPB1*04:01,DPA1*02:01DPB1*15:01,0.7696952705089909
DPA1*02:02DPB1*04:01,DPA1*02:01DPB1*17:01,0.6510349836527639
DPA1*02:02DPB1*04:01,DPA1*01:03DPB1*18:01,0.6254648922188991
DPA1*02:02DPB1*04:01,DPA1*02:01DPB1*19:01,0.759116482338827
DPA1*02:02DPB1*04:01,DPA1*02:02DPB1*28:01,0.7415543976625706
DPA1*03:01DPB1*04:01,DPA1*04:01DPB1*04:01,0.7249780820590761
DPA1*03:01DPB1*04:01,DPA1*01:03DPB1*04:02,0.7005934991395146
DPA1*03:01DPB1*04:01,DPA1*03:01DPB1*04:02,0.7433246525310185
DPA1*03:01DPB1*04:01,DPA1*02:01DPB1*05:01,0.596609806967809
DPA1*03:01DPB1*04:01,DPA1*02:02DPB1*05:01,0.6193676868554722
DPA1*03:01DPB1*04:01,DPA1*03:01DPB1*05:01,0.6609433387975353
DPA1*03:01DPB1*04:01,DPA1*01:03DPB1*06:01,0.531306849951751
DPA1*03:01DPB1*04:01,DPA1*02:01DPB1*09:01,0.5396534914216994
DPA1*03:01DPB1*04:01,DPA1*02:01DPB1*11:01,0.6016563002743065
DPA1*03:01DPB1*04:01,DPA1*02:01DPB1*13:01,0.612296313629718
DPA1*03:01DPB1*04:01,DPA1*04:01DPB1*13:01,0.6087801932863313
DPA1*03:01DPB1*04:01,DPA1*02:01DPB1*14:01,0.5472514611873295
DPA1*03:01DPB1*04:01,DPA1*02:01DPB1*15:01,0.6681968014720349
DPA1*03:01DPB1*04:01,DPA1*02:01DPB1*17:01,0.5307290113408487
DPA1*03:01DPB1*04:01,DPA1*01:03DPB1*18:01,0.6580500632861861
DPA1*03:01DPB1*04:01,DPA1*02:01DPB1*19:01,0.6250838043504465
DPA1*03:01DPB1*04:01,DPA1*02:02DPB1*28:01,0.6622151193393266
DPA1*04:01DPB1*04:01,DPA1*01:03DPB1*04:02,0.678453328203954
DPA1*04:01DPB1*04:01,DPA1*03:01DPB1*04:02,0.6784237912726407
DPA1*04:01DPB1*04:01,DPA1*02:01DPB1*05:01,0.6651260563448084
DPA1*04:01DPB1*04:01,DPA1*02:02DPB1*05:01,0.6887055342303046
DPA1*04:01DPB1*04:01,DPA1*03:01DPB1*05:01,0.685974203279331
DPA1*04:01DPB1*04:01,DPA1*01:03DPB1*06:01,0.5685442111245602
DPA1*04:01DPB1*04:01,DPA1*02:01DPB1*09:01,0.5850164031520492
DPA1*04:01DPB1*04:01,DPA1*02:01DPB1*11:01,0.6733613262893855
DPA1*04:01DPB1*04:01,DPA1*02:01DPB1*13:01,0.6664994554786534
DPA1*04:01DPB1*04:01,DPA1*04:01DPB1*13:01,0.6991468159563693
DPA1*04:01DPB1*04:01,DPA1*02:01DPB1*14:01,0.5645844368846337
DPA1*04:01DPB1*04:01,DPA1*02:01DPB1*15:01,0.7236010691825036
DPA1*04:01DPB1*04:01,DPA1*02:01DPB1*17:01,0.5913676231816142
DPA1*04:01DPB1*04:01,DPA1*01:03DPB1*18:01,0.6571213177144476
DPA1*04:01DPB1*04:01,DPA1*02:01DPB1*19:01,0.6757249421117242
DPA1*04:01DPB1*04:01,DPA1*02:02DPB1*28:01,0.6836769127230383
DPA1*01:03DPB1*04:02,DPA1*03:01DPB1*04:02,0.8534778211704007
DPA1*01:03DPB1*04:02,DPA1*02:01DPB1*05:01,0.5256597571833683
DPA1*01:03DPB1*04:02,DPA1*02:02DPB1*05:01,0.5472223946348599
DPA1*01:03DPB1*04:02,DPA1*03:01DPB1*05:01,0.5987528627495882
DPA1*01:03DPB1*04:02,DPA1*01:03DPB1*06:01,0.5926285273257667
DPA1*01:03DPB1*04:02,DPA1*02:01DPB1*09:01,0.5729943073044064
DPA1*01:03DPB1*04:02,DPA1*02:01DPB1*11:01,0.5210269234238774
DPA1*01:03DPB1*04:02,DPA1*02:01DPB1*13:01,0.5211338519953652
DPA1*01:03DPB1*04:02,DPA1*04:01DPB1*13:01,0.5365885308433387
DPA1*01:03DPB1*04:02,DPA1*02:01DPB1*14:01,0.5685521743119932
DPA1*01:03DPB1*04:02,DPA1*02:01DPB1*15:01,0.588019173360828
DPA1*01:03DPB1*04:02,DPA1*02:01DPB1*17:01,0.5747367748530842
DPA1*01:03DPB1*04:02,DPA1*01:03DPB1*18:01,0.8636508722796411
DPA1*01:03DPB1*04:02,DPA1*02:01DPB1*19:01,0.5493122162999635
DPA1*01:03DPB1*04:02,DPA1*02:02DPB1*28:01,0.7492872388491816
DPA1*03:01DPB1*04:02,DPA1*02:01DPB1*05:01,0.5526114295100882
DPA1*03:01DPB1*04:02,DPA1*02:02DPB1*05:01,0.5714221644136858
DPA1*03:01DPB1*04:02,DPA1*03:01DPB1*05:01,0.6206928458300953
DPA1*03:01DPB1*04:02,DPA1*01:03DPB1*06:01,0.6286276383860032
DPA1*03:01DPB1*04:02,DPA1*02:01DPB1*09:01,0.6189348273156015
DPA1*03:01DPB1*04:02,DPA1*02:01DPB1*11:01,0.5594267332609851
DPA1*03:01DPB1*04:02,DPA1*02:01DPB1*13:01,0.5597428325781583
DPA1*03:01DPB1*04:02,DPA1*04:01DPB1*13:01,0.5718560024908448
DPA1*03:01DPB1*04:02,DPA1*02:01DPB1*14:01,0.6039845495766134
DPA1*03:01DPB1*04:02,DPA1*02:01DPB1*15:01,0.6030199833100014
DPA1*03:01DPB1*04:02,DPA1*02:01DPB1*17:01,0.6039665907712828
DPA1*03:01DPB1*04:02,DPA1*01:03DPB1*18:01,0.8012450362662555
DPA1*03:01DPB1*04:02,DPA1*02:01DPB1*19:01,0.5871439826136633
DPA1*03:01DPB1*04:02,DPA1*02:02DPB1*28:01,0.7641376899650532
DPA1*02:01DPB1*05:01,DPA1*02:02DPB1*05:01,0.8866936909708998
DPA1*02:01DPB1*05:01,DPA1*03:01DPB1*05:01,0.7967962469240273
DPA1*02:01DPB1*05:01,DPA1*01:03DPB1*06:01,0.6518565215639004
DPA1*02:01DPB1*05:01,DPA1*02:01DPB1*09:01,0.7207550291549811
DPA1*02:01DPB1*05:01,DPA1*02:01DPB1*11:01,0.8279724784168846
DPA1*02:01DPB1*05:01,DPA1*02:01DPB1*13:01,0.8214952134924443
DPA1*02:01DPB1*05:01,DPA1*04:01DPB1*13:01,0.7679084158630035
DPA1*02:01DPB1*05:01,DPA1*02:01DPB1*14:01,0.7283871829436991
DPA1*02:01DPB1*05:01,DPA1*02:01DPB1*15:01,0.7388710913709595
DPA1*02:01DPB1*05:01,DPA1*02:01DPB1*17:01,0.6877343558113198
DPA1*02:01DPB1*05:01,DPA1*01:03DPB1*18:01,0.5705467253145501
DPA1*02:01DPB1*05:01,DPA1*02:01DPB1*19:01,0.8323800590499986
DPA1*02:01DPB1*05:01,DPA1*02:02DPB1*28:01,0.6431733062148378
DPA1*02:02DPB1*05:01,DPA1*03:01DPB1*05:01,0.8149035419550462
DPA1*02:02DPB1*05:01,DPA1*01:03DPB1*06:01,0.6707604823537315
DPA1*02:02DPB1*05:01,DPA1*02:01DPB1*09:01,0.7371467562247117
DPA1*02:02DPB1*05:01,DPA1*02:01DPB1*11:01,0.842599843364167
DPA1*02:02DPB1*05:01,DPA1*02:01DPB1*13:01,0.8404785719416107
DPA1*02:02DPB1*05:01,DPA1*04:01DPB1*13:01,0.7961905703963962
DPA1*02:02DPB1*05:01,DPA1*02:01DPB1*14:01,0.752758331382103
DPA1*02:02DPB1*05:01,DPA1*02:01DPB1*15:01,0.7801293362173599
DPA1*02:02DPB1*05:01,DPA1*02:01DPB1*17:01,0.7148836182145888
DPA1*02:02DPB1*05:01,DPA1*01:03DPB1*18:01,0.5883933388492761
DPA1*02:02DPB1*05:01,DPA1*02:01DPB1*19:01,0.8628033918999594
DPA1*02:02DPB1*05:01,DPA1*02:02DPB1*28:01,0.6712300176385655
DPA1*03:01DPB1*05:01,DPA1*01:03DPB1*06:01,0.7299381525255241
DPA1*03:01DPB1*05:01,DPA1*02:01DPB1*09:01,0.7058018726633851
DPA1*03:01DPB1*05:01,DPA1*02:01DPB1*11:01,0.7861012253321513
DPA1*03:01DPB1*05:01,DPA1*02:01DPB1*13:01,0.7708807914446052
DPA1*03:01DPB1*05:01,DPA1*04:01DPB1*13:01,0.7799882589569987
DPA1*03:01DPB1*05:01,DPA1*02:01DPB1*14:01,0.7062988912623175
DPA1*03:01DPB1*05:01,DPA1*02:01DPB1*15:01,0.7552907045808807
DPA1*03:01DPB1*05:01,DPA1*02:01DPB1*17:01,0.6881445039833717
DPA1*03:01DPB1*05:01,DPA1*01:03DPB1*18:01,0.6397161663339588
DPA1*03:01DPB1*05:01,DPA1*02:01DPB1*19:01,0.7976057367252098
DPA1*03:01DPB1*05:01,DPA1*02:02DPB1*28:01,0.6680978505557884
DPA1*01:03DPB1*06:01,DPA1*02:01DPB1*09:01,0.850481528474245
DPA1*01:03DPB1*06:01,DPA1*02:01DPB1*11:01,0.6805064770241767
DPA1*01:03DPB1*06:01,DPA1*02:01DPB1*13:01,0.6938800809240735
DPA1*01:03DPB1*06:01,DPA1*04:01DPB1*13:01,0.7430248476867916
DPA1*01:03DPB1*06:01,DPA1*02:01DPB1*14:01,0.7690271536122397
DPA1*01:03DPB1*06:01,DPA1*02:01DPB1*15:01,0.6494689126901773
DPA1*01:03DPB1*06:01,DPA1*02:01DPB1*17:01,0.8630654607116071
DPA1*01:03DPB1*06:01,DPA1*01:03DPB1*18:01,0.6342634588801609
DPA1*01:03DPB1*06:01,DPA1*02:01DPB1*19:01,0.6912301887758033
DPA1*01:03DPB1*06:01,DPA1*02:02DPB1*28:01,0.6660099521983853
DPA1*02:01DPB1*09:01,DPA1*02:01DPB1*11:01,0.756203160475414
DPA1*02:01DPB1*09:01,DPA1*02:01DPB1*13:01,0.7660084408368465
DPA1*02:01DPB1*09:01,DPA1*04:01DPB1*13:01,0.757101163937139
DPA1*02:01DPB1*09:01,DPA1*02:01DPB1*14:01,0.8590162565805853
DPA1*02:01DPB1*09:01,DPA1*02:01DPB1*15:01,0.7002894330560919
DPA1*02:01DPB1*09:01,DPA1*02:01DPB1*17:01,0.890340329554791
DPA1*02:01DPB1*09:01,DPA1*01:03DPB1*18:01,0.6231202458872772
DPA1*02:01DPB1*09:01,DPA1*02:01DPB1*19:01,0.7763680816335734
DPA1*02:01DPB1*09:01,DPA1*02:02DPB1*28:01,0.6958365837682045
DPA1*02:01DPB1*11:01,DPA1*02:01DPB1*13:01,0.8414470930936692
DPA1*02:01DPB1*11:01,DPA1*04:01DPB1*13:01,0.8031799158176581
DPA1*02:01DPB1*11:01,DPA1*02:01DPB1*14:01,0.740165014766136
DPA1*02:01DPB1*11:01,DPA1*02:01DPB1*15:01,0.7913465640242829
DPA1*02:01DPB1*11:01,DPA1*02:01DPB1*17:01,0.7104372142149354
DPA1*02:01DPB1*11:01,DPA1*01:03DPB1*18:01,0.5752005535706226
DPA1*02:01DPB1*11:01,DPA1*02:01DPB1*19:01,0.8510767251430291
DPA1*02:01DPB1*11:01,DPA1*02:02DPB1*28:01,0.6465130698798194
DPA1*02:01DPB1*13:01,DPA1*04:01DPB1*13:01,0.8347135467354277
DPA1*02:01DPB1*13:01,DPA1*02:01DPB1*14:01,0.7437852917964841
DPA1*02:01DPB1*13:01,DPA1*02:01DPB1*15:01,0.7897718457408766
DPA1*02:01DPB1*13:01,DPA1*02:01DPB1*17:01,0.7333415439004121
DPA1*02:01DPB1*13:01,DPA1*01:03DPB1*18:01,0.5735899633382175
DPA1*02:01DPB1*13:01,DPA1*02:01DPB1*19:01,0.8661328134506736
DPA1*02:01DPB1*13:01,DPA1*02:02DPB1*28:01,0.6573415197265835
DPA1*04:01DPB1*13:01,DPA1*02:01DPB1*14:01,0.702721118778845
DPA1*04:01DPB1*13:01,DPA1*02:01DPB1*15:01,0.7690528285646128
DPA1*04:01DPB1*13:01,DPA1*02:01DPB1*17:01,0.7603369869986569
DPA1*04:01DPB1*13:01,DPA1*01:03DPB1*18:01,0.579760778781259
DPA1*04:01DPB1*13:01,DPA1*02:01DPB1*19:01,0.8148640325030655
DPA1*04:01DPB1*13:01,DPA1*02:02DPB1*28:01,0.6365002665164268
DPA1*02:01DPB1*14:01,DPA1*02:01DPB1*15:01,0.6772145540644141
DPA1*02:01DPB1*14:01,DPA1*02:01DPB1*17:01,0.7946586694738716
DPA1*02:01DPB1*14:01,DPA1*01:03DPB1*18:01,0.625566923006169
DPA1*02:01DPB1*14:01,DPA1*02:01DPB1*19:01,0.7604484708349962
DPA1*02:01DPB1*14:01,DPA1*02:02DPB1*28:01,0.7045005203920581
DPA1*02:01DPB1*15:01,DPA1*02:01DPB1*17:01,0.6864683316451311
DPA1*02:01DPB1*15:01,DPA1*01:03DPB1*18:01,0.618067403891824
DPA1*02:01DPB1*15:01,DPA1*02:01DPB1*19:01,0.8038480027545022
DPA1*02:01DPB1*15:01,DPA1*02:02DPB1*28:01,0.7125180767094674
DPA1*02:01DPB1*17:01,DPA1*01:03DPB1*18:01,0.6025323325959189
DPA1*02:01DPB1*17:01,DPA1*02:01DPB1*19:01,0.7383677633825545
DPA1*02:01DPB1*17:01,DPA1*02:02DPB1*28:01,0.694139926803232
DPA1*01:03DPB1*18:01,DPA1*02:01DPB1*19:01,0.5978294121109918
DPA1*01:03DPB1*18:01,DPA1*02:02DPB1*28:01,0.7508744501621811
DPA1*02:01DPB1*19:01,DPA1*02:02DPB1*28:01,0.6796444767570744
